{"8": [570.3663260787858, 570.3663260787858, 928.6894950196682, 570.3663260787858, 2083.967931095715, 2204.940376844435, 1076.043522521515, 1907.008196791207, 1438.5149800032157, 2054.8200953888354, 1366.2424321059234, 2395.0318114824217, 1957.1852807171838, 3324.6528935599094, 1509.0736426376325, 1563.4805655567568, 1693.3448245796499, 1418.96956919914, 1459.142211313782, 3503.606517865711, 1952.6239434107636, 843.8134126571404, 3688.1010593074648, 1400.5154903788016, 1516.8334507454665, 2308.9177720216294, 3059.3025165370645, 1484.700569439528, 1608.2484247721152, 2840.8315818537885, 3087.1879846684324, 3042.789078519665, 2551.9420220474644, 2054.883988829625, 2327.325406719456, 2102.223228718864, 1048.8227672167407, 3146.8734437076228, 4580.111201746623, 3363.030642533271, 3209.4729909754274, 2766.1683961400327, 4470.200224269383, 3656.2161084691857, 2861.57962665833, 4372.079810670289, 4559.4682234849, 4050.5781464354263, 6015.575103592966, 4856.323500630166, 3447.3885659588927, 3236.7992238934435, 5156.105458881477, 2995.2437668545404, 3422.869994525433, 5147.892145908277, 5147.532109263544, 6689.766297867596, 4477.491871136279, 4632.279337857031, 3858.430209590715, 5684.656595653112, 3735.672920865228, 5318.076852913819, 6239.90495478868, 3086.5373147481573, 5841.552032888422, 4459.122976185202, 5120.483344155962, 3893.726154757323, 5144.200681528957, 3657.8748965394516, 3146.4572098621206, 5805.780601519808, 4907.1706341698855, 5222.601221213968, 4945.749775364965, 6127.314853088384, 3899.4092564257426, 4471.230434018056, 4390.6775292628845, 4013.2294129499014, 6648.42067113126, 5951.111156303634, 4726.108480894858, 4114.270921132068, 6306.278192509176, 6464.362055564448, 3133.5699035977186, 7599.23951145321, 7202.931977666344, 6952.830809107688, 6914.044532308025, 6881.9020085675265, 6430.065389880025, 6154.767202511784, 6324.95467682201, 5797.009397401064, 5832.646680605127, 5684.797060225475], "35": [566.1561688524506, 566.1561688524506, 719.4521011728905, 566.1561688524506, 1440.589512840537, 1150.5319608765026, 2102.9358946564616, 1538.7520913546011, 1750.685524415479, 3110.3300178680825, 1609.640909086983, 3332.694419170348, 1563.2778418466762, 4543.11749439471, 1834.908365374663, 2988.2217812375097, 1249.1761572384112, 3143.2861725745074, 2090.399025158059, 5342.166502292088, 2040.205564722554, 1368.3949326509794, 4752.414495867546, 2656.7628347103623, 2473.1960847003784, 4724.795138586287, 4774.134824335627, 3479.0747801246744, 3443.034186495521, 4254.022260029065, 4614.994874217728, 4669.513439290068, 4425.050747674258, 4598.688120233031, 4799.062202561788, 4648.163756906391, 2204.945957111564, 4269.643684949995, 6392.060759264875, 6636.560550049849, 6832.819646376126, 5605.964426049762, 7854.177855664943, 8479.730478058005, 5492.661090243667, 7170.65953495877, 7392.132672428582, 9993.566480810783, 10934.077288357243, 7506.819018995225, 4771.562870927459, 6479.583504358514, 9735.557492945441, 7151.230444645207, 6425.095639641915, 9941.001645281221, 9509.662315348884, 11529.810856826492, 9180.433991190328, 10087.592056435858, 9784.569847836925, 9211.065671792274, 9400.151596275442, 10170.685740797002, 11101.298928315797, 6032.82388232685, 11263.86726558472, 10196.787377852952, 8458.416307634276, 10104.475274260612, 10037.782604255728, 9178.460241293356, 8675.818195589598, 12265.894080580183, 10796.734228338537, 11247.846161488049, 9830.05351386038, 10403.421353814549, 9920.604622349787, 8015.08121359992, 9359.390525707931, 9336.41817080351, 11626.11059585435, 12122.119025706828, 9999.552556370601, 10535.213516842849, 12039.255407633966, 11610.343981181819, 8990.101411604324, 12877.064712311821, 12589.887597061947, 12431.965158462819, 12685.314931715628, 12476.6067727034, 11926.838830793342, 11687.194884270144, 11028.833177335651, 12582.823938609716, 10928.803957300726, 12298.040002204778]}